{
  "mean": -51.721797943115234,
  "std": 23.424274444580078
}